DATE,POSTS
4/26/2017,459
4/27/2017,371
4/28/2017,484
4/29/2017,533
4/30/2017,514
5/1/2017,582
5/2/2017,670
5/3/2017,586
5/4/2017,684
5/5/2017,566
5/6/2017,628
5/7/2017,650
5/8/2017,743
5/9/2017,701
5/10/2017,754
5/11/2017,809
5/12/2017,836
5/13/2017,700
5/14/2017,586
5/15/2017,765
5/16/2017,775
5/17/2017,770
5/18/2017,774
5/19/2017,846
5/20/2017,878
5/21/2017,822
5/22/2017,780
5/23/2017,813
5/24/2017,815
5/25/2017,763
5/26/2017,887
5/27/2017,753
5/28/2017,830
5/29/2017,740
5/30/2017,799
5/31/2017,838
6/1/2017,775
6/2/2017,737
6/3/2017,714
6/4/2017,741
6/5/2017,767
6/6/2017,813
6/7/2017,876
6/8/2017,810
6/9/2017,795
6/10/2017,685
6/11/2017,668
6/12/2017,877
6/13/2017,822
6/14/2017,820
6/15/2017,813
6/16/2017,752
6/17/2017,667
6/18/2017,656
6/19/2017,840
6/20/2017,769
6/21/2017,771
6/22/2017,758
6/23/2017,696
6/24/2017,667
6/25/2017,616
6/26/2017,773
6/27/2017,711
6/28/2017,731
6/29/2017,794
6/30/2017,817
7/1/2017,675
7/2/2017,583
7/3/2017,569
7/4/2017,647
7/5/2017,736
7/6/2017,718
7/7/2017,710
7/8/2017,667
7/9/2017,643
7/10/2017,705
7/11/2017,688
7/12/2017,709
7/13/2017,770
7/14/2017,758
7/15/2017,775
7/16/2017,727
7/17/2017,751
7/18/2017,754
7/19/2017,802
7/20/2017,848
7/21/2017,810
7/22/2017,832
7/23/2017,819
7/24/2017,904
7/25/2017,850
7/26/2017,831
7/27/2017,819
7/28/2017,844
7/29/2017,774
7/30/2017,684
7/31/2017,818
8/1/2017,877
8/2/2017,905
8/3/2017,788
8/4/2017,849
8/5/2017,814
8/6/2017,769
8/7/2017,783
8/8/2017,833
8/9/2017,863
8/10/2017,763
8/11/2017,916
8/12/2017,824
8/13/2017,788
8/14/2017,657
8/15/2017,786
8/16/2017,743
8/17/2017,930
8/18/2017,905
8/19/2017,859
8/20/2017,762
8/21/2017,853
8/22/2017,814
8/23/2017,880
8/24/2017,788
8/25/2017,809
8/26/2017,884
8/27/2017,793
8/28/2017,765
8/29/2017,762
8/30/2017,651
8/31/2017,767
9/1/2017,848
9/2/2017,808
9/3/2017,814
9/4/2017,870
9/5/2017,853
9/6/2017,789
9/7/2017,599
9/8/2017,810
9/9/2017,719
9/10/2017,847
9/11/2017,860
9/12/2017,847
9/13/2017,799
9/14/2017,864
9/15/2017,870
9/16/2017,733
9/17/2017,644
9/18/2017,821
9/19/2017,890
9/20/2017,802
9/21/2017,874
9/22/2017,773
9/23/2017,768
9/24/2017,767
9/25/2017,796
9/26/2017,766
9/27/2017,853
9/28/2017,729
9/29/2017,890
9/30/2017,811
10/1/2017,803
10/2/2017,845
10/3/2017,805
10/4/2017,883
10/5/2017,837
10/6/2017,793
10/7/2017,764
10/8/2017,740
10/9/2017,847
10/10/2017,858
10/11/2017,809
10/12/2017,858
10/13/2017,920
10/14/2017,917
10/15/2017,835
10/16/2017,831
10/17/2017,791
10/18/2017,802
10/19/2017,782
10/20/2017,840
10/21/2017,925
10/22/2017,862
10/23/2017,846
10/24/2017,929
10/25/2017,892
10/26/2017,824
10/27/2017,854
10/28/2017,811
10/29/2017,853
10/30/2017,803
10/31/2017,888
11/1/2017,861
11/2/2017,845
11/3/2017,919
11/4/2017,836
11/5/2017,938
11/6/2017,755
11/7/2017,859
11/8/2017,842
11/9/2017,779
11/10/2017,913
11/11/2017,939
11/12/2017,1196
11/13/2017,924
11/14/2017,896
11/15/2017,664
11/16/2017,764
11/17/2017,805
11/18/2017,493
11/19/2017,392
11/20/2017,371
11/21/2017,460
11/22/2017,553
11/23/2017,619
11/24/2017,552
11/25/2017,605
11/26/2017,608
11/27/2017,533
11/28/2017,594
11/29/2017,609
11/30/2017,685
12/1/2017,549
12/2/2017,671
12/3/2017,455
12/4/2017,542
12/5/2017,635
12/6/2017,762
12/7/2017,631
12/8/2017,662
12/9/2017,587
12/10/2017,643
12/11/2017,645
12/12/2017,634
12/13/2017,626
12/14/2017,472
12/15/2017,701
12/16/2017,608
12/17/2017,663
12/18/2017,625
12/19/2017,502
12/20/2017,476
12/21/2017,469
12/22/2017,414
12/23/2017,380
12/24/2017,364
12/25/2017,343
12/26/2017,354
12/27/2017,375
12/28/2017,383
12/29/2017,346
12/30/2017,468
12/31/2017,442
1/1/2018,455
1/2/2018,433
1/3/2018,431
1/4/2018,420
1/5/2018,432
1/6/2018,392
1/7/2018,393
1/8/2018,338
1/9/2018,353
1/10/2018,336
1/11/2018,380
1/12/2018,354
1/13/2018,403
1/14/2018,361
1/15/2018,317
1/16/2018,356
1/17/2018,320
1/18/2018,269
1/19/2018,322
1/20/2018,356
1/21/2018,385
1/22/2018,368
1/23/2018,342
1/24/2018,404
1/25/2018,241
1/26/2018,331
1/27/2018,427
1/28/2018,384
